,Above Screen,Above Screen_Percentage,Frame_total,Keyboard,Keyboard_Percentage,Name,Patient,Patient_Percentage,Screen,Screen_Percentage
0,7.0,0.0005001786352268668,13995.0,554.0,0.039585566273669166,D16_Virtual-30-03-2022__09_46_21,7711.0,0.5509824937477671,5723.0,0.4089317613433369
